Date, Source, Status, Rows, Description
2025/07/28-11:06:18,DailyVantage,success,100,Written Daily Records of TSLA to data/raw/.
2025/07/31-16:01:48,DailyVantage,success,100,100 TSLA entries added into database out of 100. 0 rows not inserted.
2025/07/31-16:07:39,Daily Vantage,fail,0,0 TSLA entries added into database out of 100. 100 rows not inserted.
2025/07/31-16:13:20,Daily Vantage,fail,0,0 TSLA entries added into database out of 100. 100 rows not inserted.
2025/07/31-16:17:45,Daily Vantage,success,100,100 TSLA entries added into database out of 100. 0 rows not inserted.
2025/07/31-16:41:12,Daily Vantage,success,6475,6475 IBM entries added into database out of 6475. 0 rows not inserted.
2025/07/31-17:07:12,Daily Vantage,success,3795,3795 TSLA entries added into database out of 3795. 0 rows not inserted.
2025/07/31-17:18:32,Daily Vantage,success,1,1 TSLA entries added into database out of 1. 0 rows not inserted.
2025/08/01-15:54:29,Daily Vantage,success,3796,3796 TSLA entries added into database out of 3796. 0 rows not inserted.
2025/08/01-15:54:33,Daily Vantage,success,6476,6476 IBM entries added into database out of 6476. 0 rows not inserted.
2025/08/01-15:54:38,Daily Vantage,success,6476,6476 PEP entries added into database out of 6476. 0 rows not inserted.
2025/08/01-15:54:42,Daily Vantage,success,6476,6476 BA entries added into database out of 6476. 0 rows not inserted.
2025/08/01-15:54:47,Daily Vantage,success,6476,6476 JNJ entries added into database out of 6476. 0 rows not inserted.
